{
  "properties": {
    "connectionReferences": {
      "shared_commondataserviceforapps": {
        "runtimeSource": "embedded",
        "connection": {
          "connectionReferenceLogicalName": "new_sharedcommondataserviceforapps_65268"
        },
        "api": {
          "name": "shared_commondataserviceforapps"
        }
      },
      "shared_flowpush": {
        "runtimeSource": "embedded",
        "connection": {
          "connectionReferenceLogicalName": "new_sharedflowpush_e78c4"
        },
        "api": {
          "name": "shared_flowpush"
        }
      },
      "shared_outlook": {
        "runtimeSource": "embedded",
        "connection": {
          "connectionReferenceLogicalName": "new_sharedoutlook_8eb06"
        },
        "api": {
          "name": "shared_outlook"
        }
      }
    },
    "definition": {
      "$schema": "https://schema.management.azure.com/providers/Microsoft.Logic/schemas/2016-06-01/workflowdefinition.json#",
      "contentVersion": "1.0.0.0",
      "parameters": {
        "$connections": {
          "defaultValue": {},
          "type": "Object"
        },
        "$authentication": {
          "defaultValue": {},
          "type": "SecureObject"
        }
      },
      "triggers": {
        "When_a_row_is_added,_modified_or_deleted": {
          "metadata": {
            "operationMetadataId": "54c73402-ebe7-4e91-9f1c-99bc86a4a479"
          },
          "type": "OpenApiConnectionWebhook",
          "inputs": {
            "host": {
              "connectionName": "shared_commondataserviceforapps",
              "operationId": "SubscribeWebhookTrigger",
              "apiId": "/providers/Microsoft.PowerApps/apis/shared_commondataserviceforapps"
            },
            "parameters": {
              "subscriptionRequest/message": 1,
              "subscriptionRequest/entityname": "new_generator",
              "subscriptionRequest/scope": 4
            },
            "authentication": "@parameters('$authentication')"
          }
        }
      },
      "actions": {
        "Add_a_new_row": {
          "runAfter": {},
          "metadata": {
            "operationMetadataId": "33253f22-afd8-48d9-929c-c29af3d4b2b1"
          },
          "type": "OpenApiConnection",
          "inputs": {
            "host": {
              "connectionName": "shared_commondataserviceforapps",
              "operationId": "CreateRecord",
              "apiId": "/providers/Microsoft.PowerApps/apis/shared_commondataserviceforapps"
            },
            "parameters": {
              "entityName": "new_generators",
              "item/new_cpr": "@triggerOutputs()?['body/new_cpr']",
              "item/new_code": "@utcNow()",
              "item/new_otp2": "@rand(1, 99)",
              "item/new_emailreceived": true
            },
            "authentication": "@parameters('$authentication')"
          }
        },
        "List_rows": {
          "runAfter": {
            "Add_a_new_row": [
              "Succeeded"
            ]
          },
          "metadata": {
            "operationMetadataId": "b69ad57b-1af3-45e8-8887-f51d87c37dad"
          },
          "type": "OpenApiConnection",
          "inputs": {
            "host": {
              "connectionName": "shared_commondataserviceforapps",
              "operationId": "ListRecords",
              "apiId": "/providers/Microsoft.PowerApps/apis/shared_commondataserviceforapps"
            },
            "parameters": {
              "entityName": "new_persons"
            },
            "authentication": "@parameters('$authentication')"
          }
        },
        "Apply_to_each": {
          "foreach": "@outputs('List_rows')?['body/value']",
          "actions": {
            "Condition": {
              "actions": {
                "Send_me_a_mobile_notification_2": {
                  "runAfter": {},
                  "metadata": {
                    "operationMetadataId": "cb43d0b6-fc39-4cba-88d4-086b31d50ba2"
                  },
                  "type": "OpenApiConnection",
                  "inputs": {
                    "host": {
                      "connectionName": "shared_flowpush",
                      "operationId": "SendNotification",
                      "apiId": "/providers/Microsoft.PowerApps/apis/shared_flowpush"
                    },
                    "parameters": {
                      "NotificationDefinition/notificationText": "Your OTP code is @{outputs('Add_a_new_row')?['body/new_otp2']}",
                      "NotificationDefinition/notificationLink/label": "TechHungers"
                    },
                    "authentication": "@parameters('$authentication')"
                  }
                },
                "Update_a_row_2": {
                  "runAfter": {
                    "Send_an_email_(V2)": [
                      "Succeeded"
                    ]
                  },
                  "metadata": {
                    "operationMetadataId": "440d2dc3-05c6-45bc-ab3a-7332b09575ec"
                  },
                  "type": "OpenApiConnection",
                  "inputs": {
                    "host": {
                      "connectionName": "shared_commondataserviceforapps",
                      "operationId": "UpdateRecord",
                      "apiId": "/providers/Microsoft.PowerApps/apis/shared_commondataserviceforapps"
                    },
                    "parameters": {
                      "entityName": "new_generators",
                      "recordId": "@triggerOutputs()?['body/new_code']",
                      "item/new_cpr": "@triggerOutputs()?['body/new_cpr']",
                      "item/new_otp2": "@outputs('Add_a_new_row')?['body/new_otp2']",
                      "item/new_emailreceived": false
                    },
                    "authentication": "@parameters('$authentication')"
                  }
                },
                "Update_a_row_3": {
                  "runAfter": {
                    "Update_a_row_2": [
                      "Succeeded"
                    ]
                  },
                  "metadata": {
                    "operationMetadataId": "b9f50f0f-fa42-479c-841e-5d77f905686d"
                  },
                  "type": "OpenApiConnection",
                  "inputs": {
                    "host": {
                      "connectionName": "shared_commondataserviceforapps",
                      "operationId": "UpdateRecord",
                      "apiId": "/providers/Microsoft.PowerApps/apis/shared_commondataserviceforapps"
                    },
                    "parameters": {
                      "entityName": "new_generators",
                      "recordId": "@outputs('Add_a_new_row')?['body/new_code']",
                      "item/new_cpr": "@outputs('Add_a_new_row')?['body/new_cpr']",
                      "item/new_otp2": "@outputs('Add_a_new_row')?['body/new_otp2']",
                      "item/new_emailreceived": false
                    },
                    "authentication": "@parameters('$authentication')"
                  }
                },
                "Send_an_email_(V2)": {
                  "runAfter": {
                    "Send_me_a_mobile_notification_2": [
                      "Succeeded"
                    ]
                  },
                  "metadata": {
                    "operationMetadataId": "094329f4-59c6-4001-8891-5e0ac6fd675a"
                  },
                  "type": "OpenApiConnection",
                  "inputs": {
                    "host": {
                      "connectionName": "shared_outlook",
                      "operationId": "SendEmailV2",
                      "apiId": "/providers/Microsoft.PowerApps/apis/shared_outlook"
                    },
                    "parameters": {
                      "emailMessage/To": "@items('Apply_to_each')?['new_email']",
                      "emailMessage/Subject": "OTP Code",
                      "emailMessage/Body": "<p>Dear @{items('Apply_to_each')?['new_name']},<br>\nThe OTP code for @{items('Apply_to_each')?['new_cpr']} is @{outputs('Add_a_new_row')?['body/new_otp2']}<br>\n<br>\nYours Sincerely, <br>\nTechHungers<br>\n@{outputs('Add_a_new_row')?['body/_owninguser_value']}</p>",
                      "emailMessage/Cc": "admin@M365x48821315.onmicrosoft.com",
                      "emailMessage/Importance": "Normal"
                    },
                    "authentication": "@parameters('$authentication')"
                  }
                },
                "Send_me_a_mobile_notification_3": {
                  "runAfter": {
                    "Update_a_row_3": [
                      "Succeeded"
                    ]
                  },
                  "metadata": {
                    "operationMetadataId": "9a685282-b660-4a74-a290-b911aea2b861"
                  },
                  "type": "OpenApiConnection",
                  "inputs": {
                    "host": {
                      "connectionName": "shared_flowpush",
                      "operationId": "SendNotification",
                      "apiId": "/providers/Microsoft.PowerApps/apis/shared_flowpush"
                    },
                    "parameters": {
                      "NotificationDefinition/notificationText": "Password Changed for @{items('Apply_to_each')?['new_cpr']}",
                      "NotificationDefinition/notificationLink/label": "TechHungers"
                    },
                    "authentication": "@parameters('$authentication')"
                  }
                }
              },
              "runAfter": {},
              "else": {
                "actions": {
                  "Send_me_a_mobile_notification": {
                    "runAfter": {},
                    "metadata": {
                      "operationMetadataId": "0ab24d92-1f8c-4791-b072-b8959fc9444c"
                    },
                    "type": "OpenApiConnection",
                    "inputs": {
                      "host": {
                        "connectionName": "shared_flowpush",
                        "operationId": "SendNotification",
                        "apiId": "/providers/Microsoft.PowerApps/apis/shared_flowpush"
                      },
                      "parameters": {
                        "NotificationDefinition/notificationText": "Your password remains the same",
                        "NotificationDefinition/notificationLink/label": "TechHungers"
                      },
                      "authentication": "@parameters('$authentication')"
                    }
                  }
                }
              },
              "expression": {
                "and": [
                  {
                    "not": {
                      "equals": [
                        "@outputs('Add_a_new_row')?['body/new_code']",
                        "@triggerOutputs()?['body/new_code']"
                      ]
                    }
                  },
                  {
                    "equals": [
                      "@outputs('Add_a_new_row')?['body/new_cpr']",
                      "@items('Apply_to_each')?['new_cpr']"
                    ]
                  },
                  {
                    "equals": [
                      "@triggerOutputs()?['body/new_emailreceived']",
                      "@outputs('Add_a_new_row')?['body/new_emailreceived']"
                    ]
                  }
                ]
              },
              "metadata": {
                "operationMetadataId": "c10327b6-3384-451d-aa41-6d40c934fdea"
              },
              "type": "If"
            }
          },
          "runAfter": {
            "List_rows": [
              "Succeeded"
            ]
          },
          "metadata": {
            "operationMetadataId": "ed3d45f3-1a67-40c8-847e-cec319f08237"
          },
          "type": "Foreach"
        }
      }
    },
    "templateName": ""
  },
  "schemaVersion": "1.0.0.0"
}