<ImportExportXml version="9.2.24094.196" SolutionPackageVersion="9.2" languagecode="1033" generatedBy="CrmLive" xmlns:xsi="http://www.w3.org/2001/XMLSchema-instance" OrganizationVersion="9.2.24094.196" OrganizationSchemaType="Standard" CRMServerServiceabilityVersion="9.2.24095.00192">
  <SolutionManifest>
    <UniqueName>RoomBookingSystem</UniqueName>
    <LocalizedNames>
      <LocalizedName description="Room Booking System" languagecode="1033" />
    </LocalizedNames>
    <Descriptions />
    <Version>1.0.0.3</Version>
    <Managed>1</Managed>
    <Publisher>
      <UniqueName>Cr7a69f</UniqueName>
      <LocalizedNames>
        <LocalizedName description="CDS Default Publisher" languagecode="1033" />
      </LocalizedNames>
      <Descriptions />
      <EMailAddress xsi:nil="true"></EMailAddress>
      <SupportingWebsiteUrl xsi:nil="true"></SupportingWebsiteUrl>
      <CustomizationPrefix>cr08e</CustomizationPrefix>
      <CustomizationOptionValuePrefix>86075</CustomizationOptionValuePrefix>
      <Addresses>
        <Address>
          <AddressNumber>1</AddressNumber>
          <AddressTypeCode xsi:nil="true"></AddressTypeCode>
          <City xsi:nil="true"></City>
          <County xsi:nil="true"></County>
          <Country xsi:nil="true"></Country>
          <Fax xsi:nil="true"></Fax>
          <FreightTermsCode xsi:nil="true"></FreightTermsCode>
          <ImportSequenceNumber xsi:nil="true"></ImportSequenceNumber>
          <Latitude xsi:nil="true"></Latitude>
          <Line1 xsi:nil="true"></Line1>
          <Line2 xsi:nil="true"></Line2>
          <Line3 xsi:nil="true"></Line3>
          <Longitude xsi:nil="true"></Longitude>
          <Name xsi:nil="true"></Name>
          <PostalCode xsi:nil="true"></PostalCode>
          <PostOfficeBox xsi:nil="true"></PostOfficeBox>
          <PrimaryContactName xsi:nil="true"></PrimaryContactName>
          <ShippingMethodCode xsi:nil="true"></ShippingMethodCode>
          <StateOrProvince xsi:nil="true"></StateOrProvince>
          <Telephone1 xsi:nil="true"></Telephone1>
          <Telephone2 xsi:nil="true"></Telephone2>
          <Telephone3 xsi:nil="true"></Telephone3>
          <TimeZoneRuleVersionNumber xsi:nil="true"></TimeZoneRuleVersionNumber>
          <UPSZone xsi:nil="true"></UPSZone>
          <UTCOffset xsi:nil="true"></UTCOffset>
          <UTCConversionTimeZoneCode xsi:nil="true"></UTCConversionTimeZoneCode>
        </Address>
        <Address>
          <AddressNumber>2</AddressNumber>
          <AddressTypeCode xsi:nil="true"></AddressTypeCode>
          <City xsi:nil="true"></City>
          <County xsi:nil="true"></County>
          <Country xsi:nil="true"></Country>
          <Fax xsi:nil="true"></Fax>
          <FreightTermsCode xsi:nil="true"></FreightTermsCode>
          <ImportSequenceNumber xsi:nil="true"></ImportSequenceNumber>
          <Latitude xsi:nil="true"></Latitude>
          <Line1 xsi:nil="true"></Line1>
          <Line2 xsi:nil="true"></Line2>
          <Line3 xsi:nil="true"></Line3>
          <Longitude xsi:nil="true"></Longitude>
          <Name xsi:nil="true"></Name>
          <PostalCode xsi:nil="true"></PostalCode>
          <PostOfficeBox xsi:nil="true"></PostOfficeBox>
          <PrimaryContactName xsi:nil="true"></PrimaryContactName>
          <ShippingMethodCode xsi:nil="true"></ShippingMethodCode>
          <StateOrProvince xsi:nil="true"></StateOrProvince>
          <Telephone1 xsi:nil="true"></Telephone1>
          <Telephone2 xsi:nil="true"></Telephone2>
          <Telephone3 xsi:nil="true"></Telephone3>
          <TimeZoneRuleVersionNumber xsi:nil="true"></TimeZoneRuleVersionNumber>
          <UPSZone xsi:nil="true"></UPSZone>
          <UTCOffset xsi:nil="true"></UTCOffset>
          <UTCConversionTimeZoneCode xsi:nil="true"></UTCConversionTimeZoneCode>
        </Address>
      </Addresses>
    </Publisher>
    <RootComponents>
      <RootComponent type="1" schemaName="cr08e_booking" behavior="0" />
      <RootComponent type="1" schemaName="cr08e_course" behavior="0" />
      <RootComponent type="1" schemaName="cr08e_instructor" behavior="0" />
      <RootComponent type="1" schemaName="cr08e_login" behavior="0" />
      <RootComponent type="1" schemaName="cr08e_requesting" behavior="0" />
      <RootComponent type="1" schemaName="cr08e_student" behavior="0" />
      <RootComponent type="1" schemaName="cr08e_table1" behavior="0" />
      <RootComponent type="29" id="{039e3aa7-7b89-ef11-8a6a-6045bd6ae315}" behavior="0" />
      <RootComponent type="29" id="{660a0ace-c18a-ef11-ac21-6045bd6ae315}" behavior="0" />
      <RootComponent type="29" id="{a7731bd0-7a89-ef11-8a6a-6045bd6ae315}" behavior="0" />
      <RootComponent type="29" id="{b5fb23aa-7089-ef11-8a6a-6045bd6ae315}" behavior="0" />
      <RootComponent type="29" id="{c784013a-7889-ef11-8a6a-6045bd6ae315}" behavior="0" />
      <RootComponent type="29" id="{f058394c-7389-ef11-8a6a-6045bd6ae315}" behavior="0" />
      <RootComponent type="62" schemaName="cr08e_AdminDashboard" behavior="0" />
      <RootComponent type="80" schemaName="cr08e_AdminDashboard" behavior="0" />
      <RootComponent type="300" schemaName="cr08e_roombooking_ef7b1" behavior="0" />
    </RootComponents>
    <MissingDependencies>
      <MissingDependency>
        <Required type="1" schemaName="cr08e_booking" displayName="Booking" solution="Active" />
        <Dependent type="1" schemaName="cr08e_booking" displayName="Booking" />
      </MissingDependency>
      <MissingDependency>
        <Required type="1" schemaName="cr08e_booking" displayName="Booking" solution="Active" />
        <Dependent type="14" schemaName="cr08e_primarykey" displayName="Primary Key" parentSchemaName="cr08e_booking" />
      </MissingDependency>
      <MissingDependency>
        <Required type="1" schemaName="cr08e_booking" displayName="Booking" solution="Active" />
        <Dependent type="2" schemaName="cr08e_bookedby" displayName="Booked By" parentSchemaName="cr08e_booking" parentDisplayName="Booking" />
      </MissingDependency>
      <MissingDependency>
        <Required type="1" schemaName="cr08e_booking" displayName="Booking" solution="Active" />
        <Dependent type="2" schemaName="cr08e_bookingid" displayName="Booking" parentSchemaName="cr08e_booking" parentDisplayName="Booking" />
      </MissingDependency>
      <MissingDependency>
        <Required type="1" schemaName="cr08e_booking" displayName="Booking" solution="Active" />
        <Dependent type="2" schemaName="cr08e_course" displayName="Course" parentSchemaName="cr08e_booking" parentDisplayName="Booking" />
      </MissingDependency>
      <MissingDependency>
        <Required type="1" schemaName="cr08e_booking" displayName="Booking" solution="Active" />
        <Dependent type="2" schemaName="cr08e_end" displayName="End" parentSchemaName="cr08e_booking" parentDisplayName="Booking" />
      </MissingDependency>
      <MissingDependency>
        <Required type="1" schemaName="cr08e_booking" displayName="Booking" solution="Active" />
        <Dependent type="2" schemaName="cr08e_id" displayName="ID" parentSchemaName="cr08e_booking" parentDisplayName="Booking" />
      </MissingDependency>
      <MissingDependency>
        <Required type="1" schemaName="cr08e_booking" displayName="Booking" solution="Active" />
        <Dependent type="2" schemaName="cr08e_purpose" displayName="Purpose" parentSchemaName="cr08e_booking" parentDisplayName="Booking" />
      </MissingDependency>
      <MissingDependency>
        <Required type="1" schemaName="cr08e_booking" displayName="Booking" solution="Active" />
        <Dependent type="2" schemaName="cr08e_room" displayName="Room" parentSchemaName="cr08e_booking" parentDisplayName="Booking" />
      </MissingDependency>
      <MissingDependency>
        <Required type="1" schemaName="cr08e_booking" displayName="Booking" solution="Active" />
        <Dependent type="2" schemaName="cr08e_start" displayName="Start" parentSchemaName="cr08e_booking" parentDisplayName="Booking" />
      </MissingDependency>
      <MissingDependency>
        <Required type="1" schemaName="cr08e_booking" displayName="Booking" solution="Active" />
        <Dependent type="2" schemaName="createdby" displayName="Created By" parentSchemaName="cr08e_booking" parentDisplayName="Booking" />
      </MissingDependency>
      <MissingDependency>
        <Required type="1" schemaName="cr08e_booking" displayName="Booking" solution="Active" />
        <Dependent type="2" schemaName="createdon" displayName="Created On" parentSchemaName="cr08e_booking" parentDisplayName="Booking" />
      </MissingDependency>
      <MissingDependency>
        <Required type="1" schemaName="cr08e_booking" displayName="Booking" solution="Active" />
        <Dependent type="2" schemaName="createdonbehalfby" displayName="Created By (Delegate)" parentSchemaName="cr08e_booking" parentDisplayName="Booking" />
      </MissingDependency>
      <MissingDependency>
        <Required type="1" schemaName="cr08e_booking" displayName="Booking" solution="Active" />
        <Dependent type="2" schemaName="importsequencenumber" displayName="Import Sequence Number" parentSchemaName="cr08e_booking" parentDisplayName="Booking" />
      </MissingDependency>
      <MissingDependency>
        <Required type="1" schemaName="cr08e_booking" displayName="Booking" solution="Active" />
        <Dependent type="2" schemaName="modifiedby" displayName="Modified By" parentSchemaName="cr08e_booking" parentDisplayName="Booking" />
      </MissingDependency>
      <MissingDependency>
        <Required type="1" schemaName="cr08e_booking" displayName="Booking" solution="Active" />
        <Dependent type="2" schemaName="modifiedon" displayName="Modified On" parentSchemaName="cr08e_booking" parentDisplayName="Booking" />
      </MissingDependency>
      <MissingDependency>
        <Required type="1" schemaName="cr08e_booking" displayName="Booking" solution="Active" />
        <Dependent type="2" schemaName="modifiedonbehalfby" displayName="Modified By (Delegate)" parentSchemaName="cr08e_booking" parentDisplayName="Booking" />
      </MissingDependency>
      <MissingDependency>
        <Required type="1" schemaName="cr08e_booking" displayName="Booking" solution="Active" />
        <Dependent type="2" schemaName="overriddencreatedon" displayName="Record Created On" parentSchemaName="cr08e_booking" parentDisplayName="Booking" />
      </MissingDependency>
      <MissingDependency>
        <Required type="1" schemaName="cr08e_booking" displayName="Booking" solution="Active" />
        <Dependent type="2" schemaName="ownerid" displayName="Owner" parentSchemaName="cr08e_booking" parentDisplayName="Booking" />
      </MissingDependency>
      <MissingDependency>
        <Required type="1" schemaName="cr08e_booking" displayName="Booking" solution="Active" />
        <Dependent type="2" schemaName="owningbusinessunit" displayName="Owning Business Unit" parentSchemaName="cr08e_booking" parentDisplayName="Booking" />
      </MissingDependency>
      <MissingDependency>
        <Required type="1" schemaName="cr08e_booking" displayName="Booking" solution="Active" />
        <Dependent type="2" schemaName="owningteam" displayName="Owning Team" parentSchemaName="cr08e_booking" parentDisplayName="Booking" />
      </MissingDependency>
      <MissingDependency>
        <Required type="1" schemaName="cr08e_booking" displayName="Booking" solution="Active" />
        <Dependent type="2" schemaName="owninguser" displayName="Owning User" parentSchemaName="cr08e_booking" parentDisplayName="Booking" />
      </MissingDependency>
      <MissingDependency>
        <Required type="1" schemaName="cr08e_booking" displayName="Booking" solution="Active" />
        <Dependent type="2" schemaName="statecode" displayName="Status" parentSchemaName="cr08e_booking" parentDisplayName="Booking" />
      </MissingDependency>
      <MissingDependency>
        <Required type="1" schemaName="cr08e_booking" displayName="Booking" solution="Active" />
        <Dependent type="2" schemaName="statuscode" displayName="Status Reason" parentSchemaName="cr08e_booking" parentDisplayName="Booking" />
      </MissingDependency>
      <MissingDependency>
        <Required type="1" schemaName="cr08e_booking" displayName="Booking" solution="Active" />
        <Dependent type="2" schemaName="timezoneruleversionnumber" displayName="Time Zone Rule Version Number" parentSchemaName="cr08e_booking" parentDisplayName="Booking" />
      </MissingDependency>
      <MissingDependency>
        <Required type="1" schemaName="cr08e_booking" displayName="Booking" solution="Active" />
        <Dependent type="2" schemaName="utcconversiontimezonecode" displayName="UTC Conversion Time Zone Code" parentSchemaName="cr08e_booking" parentDisplayName="Booking" />
      </MissingDependency>
      <MissingDependency>
        <Required type="1" schemaName="cr08e_booking" displayName="Booking" solution="Active" />
        <Dependent type="2" schemaName="versionnumber" displayName="Version Number" parentSchemaName="cr08e_booking" parentDisplayName="Booking" />
      </MissingDependency>
      <MissingDependency>
        <Required type="1" schemaName="cr08e_booking" displayName="Booking" solution="Active" />
        <Dependent type="26" schemaName="Booking Associated View" displayName="Booking Associated View" parentSchemaName="cr08e_booking" parentDisplayName="Booking" id="{0e61240d-f2f1-4d60-bd5d-1792a1bf6476}" />
      </MissingDependency>
      <MissingDependency>
        <Required type="1" schemaName="cr08e_booking" displayName="Booking" solution="Active" />
        <Dependent type="26" schemaName="Quick Find Active Bookings" displayName="Quick Find Active Bookings" parentSchemaName="cr08e_booking" parentDisplayName="Booking" id="{13e1eae2-8bdc-4021-b78a-538f58a46b22}" />
      </MissingDependency>
      <MissingDependency>
        <Required type="1" schemaName="cr08e_booking" displayName="Booking" solution="Active" />
        <Dependent type="26" schemaName="Booking Lookup View" displayName="Booking Lookup View" parentSchemaName="cr08e_booking" parentDisplayName="Booking" id="{30a11026-744a-4090-aee7-8cbb1f4d0b73}" />
      </MissingDependency>
      <MissingDependency>
        <Required type="1" schemaName="cr08e_booking" displayName="Booking" solution="Active" />
        <Dependent type="26" schemaName="My Bookings" displayName="My Bookings" parentSchemaName="cr08e_booking" parentDisplayName="Booking" id="{8c69e498-ca88-ef11-8a6a-6045bd6956ed}" />
      </MissingDependency>
      <MissingDependency>
        <Required type="1" schemaName="cr08e_booking" displayName="Booking" solution="Active" />
        <Dependent type="26" schemaName="Active Bookings" displayName="Active Bookings" parentSchemaName="cr08e_booking" parentDisplayName="Booking" id="{96592e8b-c219-4e9a-a7d2-2a9b410b6671}" />
      </MissingDependency>
      <MissingDependency>
        <Required type="1" schemaName="cr08e_booking" displayName="Booking" solution="Active" />
        <Dependent type="26" schemaName="Inactive Bookings" displayName="Inactive Bookings" parentSchemaName="cr08e_booking" parentDisplayName="Booking" id="{cf03209a-2b60-4ae4-9b14-b8d137cd1ee6}" />
      </MissingDependency>
      <MissingDependency>
        <Required type="1" schemaName="cr08e_booking" displayName="Booking" solution="Active" />
        <Dependent type="26" schemaName="Booking Advanced Find View" displayName="Booking Advanced Find View" parentSchemaName="cr08e_booking" parentDisplayName="Booking" id="{d9498057-c25e-4c53-96cf-18abc6534ac9}" />
      </MissingDependency>
      <MissingDependency>
        <Required type="1" schemaName="cr08e_booking" displayName="Booking" solution="Active" />
        <Dependent type="29" displayName="Updating Room" id="{660a0ace-c18a-ef11-ac21-6045bd6ae315}" />
      </MissingDependency>
      <MissingDependency>
        <Required type="1" schemaName="cr08e_booking" displayName="Booking" solution="Active" />
        <Dependent type="300" schemaName="cr08e_roombooking_ef7b1" displayName="Room Booking" />
      </MissingDependency>
      <MissingDependency>
        <Required type="1" schemaName="cr08e_booking" displayName="Booking" solution="Active" />
        <Dependent type="60" displayName="Information" parentDisplayName="Booking" id="{4b702937-aab0-405a-b07c-8394a1a97631}" />
      </MissingDependency>
      <MissingDependency>
        <Required type="1" schemaName="cr08e_booking" displayName="Booking" solution="Active" />
        <Dependent type="60" displayName="Information" parentDisplayName="Booking" id="{545d7c18-4076-4e08-b1af-aff4c8e5beee}" />
      </MissingDependency>
      <MissingDependency>
        <Required type="1" schemaName="cr08e_booking" displayName="Booking" solution="Active" />
        <Dependent type="60" displayName="Information" parentDisplayName="Booking" id="{fab51237-1c30-478a-8771-835d0292f734}" />
      </MissingDependency>
      <MissingDependency>
        <Required type="1" schemaName="cr08e_booking" displayName="Booking" solution="Active" />
        <Dependent type="62" schemaName="cr08e_AdminDashboard" />
      </MissingDependency>
      <MissingDependency>
        <Required type="1" schemaName="cr08e_booking" displayName="Booking" solution="Active" />
        <Dependent type="68" id="{cd6336f0-7d95-4247-818b-e011bd151b59}" />
      </MissingDependency>
      <MissingDependency>
        <Required type="1" schemaName="cr08e_booking" displayName="Booking" solution="Active" />
        <Dependent type="80" schemaName="cr08e_AdminDashboard" displayName="Admin Dashboard" />
      </MissingDependency>
      <MissingDependency>
        <Required type="1" schemaName="cr08e_instructor" displayName="Instructor" solution="Active" />
        <Dependent type="1" schemaName="cr08e_instructor" displayName="Instructor" />
      </MissingDependency>
      <MissingDependency>
        <Required type="1" schemaName="cr08e_instructor" displayName="Instructor" solution="Active" />
        <Dependent type="14" schemaName="cr08e_primarykey" displayName="Primary Key" parentSchemaName="cr08e_instructor" />
      </MissingDependency>
      <MissingDependency>
        <Required type="1" schemaName="cr08e_instructor" displayName="Instructor" solution="Active" />
        <Dependent type="2" schemaName="cr08e_building" displayName="Building" parentSchemaName="cr08e_instructor" parentDisplayName="Instructor" />
      </MissingDependency>
      <MissingDependency>
        <Required type="1" schemaName="cr08e_instructor" displayName="Instructor" solution="Active" />
        <Dependent type="2" schemaName="cr08e_dateofbirth" displayName="Date of Birth" parentSchemaName="cr08e_instructor" parentDisplayName="Instructor" />
      </MissingDependency>
      <MissingDependency>
        <Required type="1" schemaName="cr08e_instructor" displayName="Instructor" solution="Active" />
        <Dependent type="2" schemaName="cr08e_email" displayName="Email" parentSchemaName="cr08e_instructor" parentDisplayName="Instructor" />
      </MissingDependency>
      <MissingDependency>
        <Required type="1" schemaName="cr08e_instructor" displayName="Instructor" solution="Active" />
        <Dependent type="2" schemaName="cr08e_instructorid" displayName="Instructor" parentSchemaName="cr08e_instructor" parentDisplayName="Instructor" />
      </MissingDependency>
      <MissingDependency>
        <Required type="1" schemaName="cr08e_instructor" displayName="Instructor" solution="Active" />
        <Dependent type="2" schemaName="cr08e_name" displayName="Name" parentSchemaName="cr08e_instructor" parentDisplayName="Instructor" />
      </MissingDependency>
      <MissingDependency>
        <Required type="1" schemaName="cr08e_instructor" displayName="Instructor" solution="Active" />
        <Dependent type="2" schemaName="cr08e_officenumber" displayName="Office Number" parentSchemaName="cr08e_instructor" parentDisplayName="Instructor" />
      </MissingDependency>
      <MissingDependency>
        <Required type="1" schemaName="cr08e_instructor" displayName="Instructor" solution="Active" />
        <Dependent type="2" schemaName="cr08e_password" displayName="Password" parentSchemaName="cr08e_instructor" parentDisplayName="Instructor" />
      </MissingDependency>
      <MissingDependency>
        <Required type="1" schemaName="cr08e_instructor" displayName="Instructor" solution="Active" />
        <Dependent type="2" schemaName="cr08e_phonenumber" displayName="Phone Number" parentSchemaName="cr08e_instructor" parentDisplayName="Instructor" />
      </MissingDependency>
      <MissingDependency>
        <Required type="1" schemaName="cr08e_instructor" displayName="Instructor" solution="Active" />
        <Dependent type="2" schemaName="cr08e_position" displayName="Position" parentSchemaName="cr08e_instructor" parentDisplayName="Instructor" />
      </MissingDependency>
      <MissingDependency>
        <Required type="1" schemaName="cr08e_instructor" displayName="Instructor" solution="Active" />
        <Dependent type="2" schemaName="cr08e_website" displayName="Website" parentSchemaName="cr08e_instructor" parentDisplayName="Instructor" />
      </MissingDependency>
      <MissingDependency>
        <Required type="1" schemaName="cr08e_instructor" displayName="Instructor" solution="Active" />
        <Dependent type="2" schemaName="createdby" displayName="Created By" parentSchemaName="cr08e_instructor" parentDisplayName="Instructor" />
      </MissingDependency>
      <MissingDependency>
        <Required type="1" schemaName="cr08e_instructor" displayName="Instructor" solution="Active" />
        <Dependent type="2" schemaName="createdon" displayName="Created On" parentSchemaName="cr08e_instructor" parentDisplayName="Instructor" />
      </MissingDependency>
      <MissingDependency>
        <Required type="1" schemaName="cr08e_instructor" displayName="Instructor" solution="Active" />
        <Dependent type="2" schemaName="createdonbehalfby" displayName="Created By (Delegate)" parentSchemaName="cr08e_instructor" parentDisplayName="Instructor" />
      </MissingDependency>
      <MissingDependency>
        <Required type="1" schemaName="cr08e_instructor" displayName="Instructor" solution="Active" />
        <Dependent type="2" schemaName="importsequencenumber" displayName="Import Sequence Number" parentSchemaName="cr08e_instructor" parentDisplayName="Instructor" />
      </MissingDependency>
      <MissingDependency>
        <Required type="1" schemaName="cr08e_instructor" displayName="Instructor" solution="Active" />
        <Dependent type="2" schemaName="modifiedby" displayName="Modified By" parentSchemaName="cr08e_instructor" parentDisplayName="Instructor" />
      </MissingDependency>
      <MissingDependency>
        <Required type="1" schemaName="cr08e_instructor" displayName="Instructor" solution="Active" />
        <Dependent type="2" schemaName="modifiedon" displayName="Modified On" parentSchemaName="cr08e_instructor" parentDisplayName="Instructor" />
      </MissingDependency>
      <MissingDependency>
        <Required type="1" schemaName="cr08e_instructor" displayName="Instructor" solution="Active" />
        <Dependent type="2" schemaName="modifiedonbehalfby" displayName="Modified By (Delegate)" parentSchemaName="cr08e_instructor" parentDisplayName="Instructor" />
      </MissingDependency>
      <MissingDependency>
        <Required type="1" schemaName="cr08e_instructor" displayName="Instructor" solution="Active" />
        <Dependent type="2" schemaName="overriddencreatedon" displayName="Record Created On" parentSchemaName="cr08e_instructor" parentDisplayName="Instructor" />
      </MissingDependency>
      <MissingDependency>
        <Required type="1" schemaName="cr08e_instructor" displayName="Instructor" solution="Active" />
        <Dependent type="2" schemaName="ownerid" displayName="Owner" parentSchemaName="cr08e_instructor" parentDisplayName="Instructor" />
      </MissingDependency>
      <MissingDependency>
        <Required type="1" schemaName="cr08e_instructor" displayName="Instructor" solution="Active" />
        <Dependent type="2" schemaName="owningbusinessunit" displayName="Owning Business Unit" parentSchemaName="cr08e_instructor" parentDisplayName="Instructor" />
      </MissingDependency>
      <MissingDependency>
        <Required type="1" schemaName="cr08e_instructor" displayName="Instructor" solution="Active" />
        <Dependent type="2" schemaName="owningteam" displayName="Owning Team" parentSchemaName="cr08e_instructor" parentDisplayName="Instructor" />
      </MissingDependency>
      <MissingDependency>
        <Required type="1" schemaName="cr08e_instructor" displayName="Instructor" solution="Active" />
        <Dependent type="2" schemaName="owninguser" displayName="Owning User" parentSchemaName="cr08e_instructor" parentDisplayName="Instructor" />
      </MissingDependency>
      <MissingDependency>
        <Required type="1" schemaName="cr08e_instructor" displayName="Instructor" solution="Active" />
        <Dependent type="2" schemaName="statecode" displayName="Status" parentSchemaName="cr08e_instructor" parentDisplayName="Instructor" />
      </MissingDependency>
      <MissingDependency>
        <Required type="1" schemaName="cr08e_instructor" displayName="Instructor" solution="Active" />
        <Dependent type="2" schemaName="statuscode" displayName="Status Reason" parentSchemaName="cr08e_instructor" parentDisplayName="Instructor" />
      </MissingDependency>
      <MissingDependency>
        <Required type="1" schemaName="cr08e_instructor" displayName="Instructor" solution="Active" />
        <Dependent type="2" schemaName="timezoneruleversionnumber" displayName="Time Zone Rule Version Number" parentSchemaName="cr08e_instructor" parentDisplayName="Instructor" />
      </MissingDependency>
      <MissingDependency>
        <Required type="1" schemaName="cr08e_instructor" displayName="Instructor" solution="Active" />
        <Dependent type="2" schemaName="utcconversiontimezonecode" displayName="UTC Conversion Time Zone Code" parentSchemaName="cr08e_instructor" parentDisplayName="Instructor" />
      </MissingDependency>
      <MissingDependency>
        <Required type="1" schemaName="cr08e_instructor" displayName="Instructor" solution="Active" />
        <Dependent type="2" schemaName="versionnumber" displayName="Version Number" parentSchemaName="cr08e_instructor" parentDisplayName="Instructor" />
      </MissingDependency>
      <MissingDependency>
        <Required type="1" schemaName="cr08e_instructor" displayName="Instructor" solution="Active" />
        <Dependent type="26" schemaName="Quick Find Active Instructors" displayName="Quick Find Active Instructors" parentSchemaName="cr08e_instructor" parentDisplayName="Instructor" id="{16b84555-0f76-4bb4-a3f5-1174bfcfaaec}" />
      </MissingDependency>
      <MissingDependency>
        <Required type="1" schemaName="cr08e_instructor" displayName="Instructor" solution="Active" />
        <Dependent type="26" schemaName="My Instructors" displayName="My Instructors" parentSchemaName="cr08e_instructor" parentDisplayName="Instructor" id="{79fda0a1-bb88-ef11-8a6a-6045bd6956ed}" />
      </MissingDependency>
      <MissingDependency>
        <Required type="1" schemaName="cr08e_instructor" displayName="Instructor" solution="Active" />
        <Dependent type="26" schemaName="Inactive Instructors" displayName="Inactive Instructors" parentSchemaName="cr08e_instructor" parentDisplayName="Instructor" id="{8b5ea88a-faaa-4858-b044-178c2def5421}" />
      </MissingDependency>
      <MissingDependency>
        <Required type="1" schemaName="cr08e_instructor" displayName="Instructor" solution="Active" />
        <Dependent type="26" schemaName="Instructor Lookup View" displayName="Instructor Lookup View" parentSchemaName="cr08e_instructor" parentDisplayName="Instructor" id="{b197a509-34f7-4ca4-84dd-db4c8bf6c757}" />
      </MissingDependency>
      <MissingDependency>
        <Required type="1" schemaName="cr08e_instructor" displayName="Instructor" solution="Active" />
        <Dependent type="26" schemaName="Active Instructors" displayName="Active Instructors" parentSchemaName="cr08e_instructor" parentDisplayName="Instructor" id="{d5c292b9-fe3d-4312-a7f1-5af3c3c1e500}" />
      </MissingDependency>
      <MissingDependency>
        <Required type="1" schemaName="cr08e_instructor" displayName="Instructor" solution="Active" />
        <Dependent type="26" schemaName="Instructor Advanced Find View" displayName="Instructor Advanced Find View" parentSchemaName="cr08e_instructor" parentDisplayName="Instructor" id="{f3fa1b25-d3a8-40d3-b165-89d1a4868edb}" />
      </MissingDependency>
      <MissingDependency>
        <Required type="1" schemaName="cr08e_instructor" displayName="Instructor" solution="Active" />
        <Dependent type="26" schemaName="Instructor Associated View" displayName="Instructor Associated View" parentSchemaName="cr08e_instructor" parentDisplayName="Instructor" id="{fe6e41a1-d702-4d13-97f0-bb76fed26256}" />
      </MissingDependency>
      <MissingDependency>
        <Required type="1" schemaName="cr08e_instructor" displayName="Instructor" solution="Active" />
        <Dependent type="29" displayName="Instructor Populate" id="{f058394c-7389-ef11-8a6a-6045bd6ae315}" />
      </MissingDependency>
      <MissingDependency>
        <Required type="1" schemaName="cr08e_instructor" displayName="Instructor" solution="Active" />
        <Dependent type="300" schemaName="cr08e_roombooking_ef7b1" displayName="Room Booking" />
      </MissingDependency>
      <MissingDependency>
        <Required type="1" schemaName="cr08e_instructor" displayName="Instructor" solution="Active" />
        <Dependent type="60" displayName="Information" parentDisplayName="Instructor" id="{2a9bfd71-424d-4cc8-bbc2-995261e24544}" />
      </MissingDependency>
      <MissingDependency>
        <Required type="1" schemaName="cr08e_instructor" displayName="Instructor" solution="Active" />
        <Dependent type="60" displayName="Information" parentDisplayName="Instructor" id="{8d015b98-6d41-4e2f-b151-18aa935b3fc6}" />
      </MissingDependency>
      <MissingDependency>
        <Required type="1" schemaName="cr08e_instructor" displayName="Instructor" solution="Active" />
        <Dependent type="60" displayName="Information" parentDisplayName="Instructor" id="{efd3b662-ed92-4a0b-8d8e-5bcd56326bc7}" />
      </MissingDependency>
      <MissingDependency>
        <Required type="1" schemaName="cr08e_instructor" displayName="Instructor" solution="Active" />
        <Dependent type="62" schemaName="cr08e_AdminDashboard" />
      </MissingDependency>
      <MissingDependency>
        <Required type="1" schemaName="cr08e_instructor" displayName="Instructor" solution="Active" />
        <Dependent type="68" id="{40a5ed3c-dfe7-4815-83f8-9970e75d94eb}" />
      </MissingDependency>
      <MissingDependency>
        <Required type="1" schemaName="cr08e_instructor" displayName="Instructor" solution="Active" />
        <Dependent type="80" schemaName="cr08e_AdminDashboard" displayName="Admin Dashboard" />
      </MissingDependency>
      <MissingDependency>
        <Required type="1" schemaName="cr08e_login" displayName="Login" solution="Active" />
        <Dependent type="1" schemaName="cr08e_login" displayName="Login" />
      </MissingDependency>
      <MissingDependency>
        <Required type="1" schemaName="cr08e_login" displayName="Login" solution="Active" />
        <Dependent type="2" schemaName="cr08e_email" displayName="Email" parentSchemaName="cr08e_login" parentDisplayName="Login" />
      </MissingDependency>
      <MissingDependency>
        <Required type="1" schemaName="cr08e_login" displayName="Login" solution="Active" />
        <Dependent type="2" schemaName="cr08e_loginid" displayName="Login" parentSchemaName="cr08e_login" parentDisplayName="Login" />
      </MissingDependency>
      <MissingDependency>
        <Required type="1" schemaName="cr08e_login" displayName="Login" solution="Active" />
        <Dependent type="2" schemaName="cr08e_name" displayName="CPR" parentSchemaName="cr08e_login" parentDisplayName="Login" />
      </MissingDependency>
      <MissingDependency>
        <Required type="1" schemaName="cr08e_login" displayName="Login" solution="Active" />
        <Dependent type="2" schemaName="cr08e_password" displayName="Password" parentSchemaName="cr08e_login" parentDisplayName="Login" />
      </MissingDependency>
      <MissingDependency>
        <Required type="1" schemaName="cr08e_login" displayName="Login" solution="Active" />
        <Dependent type="2" schemaName="createdby" displayName="Created By" parentSchemaName="cr08e_login" parentDisplayName="Login" />
      </MissingDependency>
      <MissingDependency>
        <Required type="1" schemaName="cr08e_login" displayName="Login" solution="Active" />
        <Dependent type="2" schemaName="createdon" displayName="Created On" parentSchemaName="cr08e_login" parentDisplayName="Login" />
      </MissingDependency>
      <MissingDependency>
        <Required type="1" schemaName="cr08e_login" displayName="Login" solution="Active" />
        <Dependent type="2" schemaName="createdonbehalfby" displayName="Created By (Delegate)" parentSchemaName="cr08e_login" parentDisplayName="Login" />
      </MissingDependency>
      <MissingDependency>
        <Required type="1" schemaName="cr08e_login" displayName="Login" solution="Active" />
        <Dependent type="2" schemaName="importsequencenumber" displayName="Import Sequence Number" parentSchemaName="cr08e_login" parentDisplayName="Login" />
      </MissingDependency>
      <MissingDependency>
        <Required type="1" schemaName="cr08e_login" displayName="Login" solution="Active" />
        <Dependent type="2" schemaName="modifiedby" displayName="Modified By" parentSchemaName="cr08e_login" parentDisplayName="Login" />
      </MissingDependency>
      <MissingDependency>
        <Required type="1" schemaName="cr08e_login" displayName="Login" solution="Active" />
        <Dependent type="2" schemaName="modifiedon" displayName="Modified On" parentSchemaName="cr08e_login" parentDisplayName="Login" />
      </MissingDependency>
      <MissingDependency>
        <Required type="1" schemaName="cr08e_login" displayName="Login" solution="Active" />
        <Dependent type="2" schemaName="modifiedonbehalfby" displayName="Modified By (Delegate)" parentSchemaName="cr08e_login" parentDisplayName="Login" />
      </MissingDependency>
      <MissingDependency>
        <Required type="1" schemaName="cr08e_login" displayName="Login" solution="Active" />
        <Dependent type="2" schemaName="overriddencreatedon" displayName="Record Created On" parentSchemaName="cr08e_login" parentDisplayName="Login" />
      </MissingDependency>
      <MissingDependency>
        <Required type="1" schemaName="cr08e_login" displayName="Login" solution="Active" />
        <Dependent type="2" schemaName="ownerid" displayName="Owner" parentSchemaName="cr08e_login" parentDisplayName="Login" />
      </MissingDependency>
      <MissingDependency>
        <Required type="1" schemaName="cr08e_login" displayName="Login" solution="Active" />
        <Dependent type="2" schemaName="owningbusinessunit" displayName="Owning Business Unit" parentSchemaName="cr08e_login" parentDisplayName="Login" />
      </MissingDependency>
      <MissingDependency>
        <Required type="1" schemaName="cr08e_login" displayName="Login" solution="Active" />
        <Dependent type="2" schemaName="owningteam" displayName="Owning Team" parentSchemaName="cr08e_login" parentDisplayName="Login" />
      </MissingDependency>
      <MissingDependency>
        <Required type="1" schemaName="cr08e_login" displayName="Login" solution="Active" />
        <Dependent type="2" schemaName="owninguser" displayName="Owning User" parentSchemaName="cr08e_login" parentDisplayName="Login" />
      </MissingDependency>
      <MissingDependency>
        <Required type="1" schemaName="cr08e_login" displayName="Login" solution="Active" />
        <Dependent type="2" schemaName="statecode" displayName="Status" parentSchemaName="cr08e_login" parentDisplayName="Login" />
      </MissingDependency>
      <MissingDependency>
        <Required type="1" schemaName="cr08e_login" displayName="Login" solution="Active" />
        <Dependent type="2" schemaName="statuscode" displayName="Status Reason" parentSchemaName="cr08e_login" parentDisplayName="Login" />
      </MissingDependency>
      <MissingDependency>
        <Required type="1" schemaName="cr08e_login" displayName="Login" solution="Active" />
        <Dependent type="2" schemaName="timezoneruleversionnumber" displayName="Time Zone Rule Version Number" parentSchemaName="cr08e_login" parentDisplayName="Login" />
      </MissingDependency>
      <MissingDependency>
        <Required type="1" schemaName="cr08e_login" displayName="Login" solution="Active" />
        <Dependent type="2" schemaName="utcconversiontimezonecode" displayName="UTC Conversion Time Zone Code" parentSchemaName="cr08e_login" parentDisplayName="Login" />
      </MissingDependency>
      <MissingDependency>
        <Required type="1" schemaName="cr08e_login" displayName="Login" solution="Active" />
        <Dependent type="2" schemaName="versionnumber" displayName="Version Number" parentSchemaName="cr08e_login" parentDisplayName="Login" />
      </MissingDependency>
      <MissingDependency>
        <Required type="1" schemaName="cr08e_login" displayName="Login" solution="Active" />
        <Dependent type="26" schemaName="Login Associated View" displayName="Login Associated View" parentSchemaName="cr08e_login" parentDisplayName="Login" id="{06fb2031-7cda-4a88-9ddf-0a1d2aadc1c5}" />
      </MissingDependency>
      <MissingDependency>
        <Required type="1" schemaName="cr08e_login" displayName="Login" solution="Active" />
        <Dependent type="26" schemaName="Quick Find Active Logins" displayName="Quick Find Active Logins" parentSchemaName="cr08e_login" parentDisplayName="Login" id="{20c81528-c0a1-4d87-974c-6e961b3196d4}" />
      </MissingDependency>
      <MissingDependency>
        <Required type="1" schemaName="cr08e_login" displayName="Login" solution="Active" />
        <Dependent type="26" schemaName="Login Advanced Find View" displayName="Login Advanced Find View" parentSchemaName="cr08e_login" parentDisplayName="Login" id="{4934ed87-b8a1-4090-a086-76146ad71e30}" />
      </MissingDependency>
      <MissingDependency>
        <Required type="1" schemaName="cr08e_login" displayName="Login" solution="Active" />
        <Dependent type="26" schemaName="My Logins" displayName="My Logins" parentSchemaName="cr08e_login" parentDisplayName="Login" id="{a2c2649e-6c89-ef11-8a6a-6045bd699059}" />
      </MissingDependency>
      <MissingDependency>
        <Required type="1" schemaName="cr08e_login" displayName="Login" solution="Active" />
        <Dependent type="26" schemaName="Active Logins" displayName="Active Logins" parentSchemaName="cr08e_login" parentDisplayName="Login" id="{c62144a0-4d1c-4c56-bbc8-15bae60543e4}" />
      </MissingDependency>
      <MissingDependency>
        <Required type="1" schemaName="cr08e_login" displayName="Login" solution="Active" />
        <Dependent type="26" schemaName="Inactive Logins" displayName="Inactive Logins" parentSchemaName="cr08e_login" parentDisplayName="Login" id="{c7501ada-fbbe-4351-b39f-13b93ec34644}" />
      </MissingDependency>
      <MissingDependency>
        <Required type="1" schemaName="cr08e_login" displayName="Login" solution="Active" />
        <Dependent type="26" schemaName="Login Lookup View" displayName="Login Lookup View" parentSchemaName="cr08e_login" parentDisplayName="Login" id="{e02a2175-f3bb-47f7-932e-932bcadcbabf}" />
      </MissingDependency>
      <MissingDependency>
        <Required type="1" schemaName="cr08e_login" displayName="Login" solution="Active" />
        <Dependent type="29" displayName="Student Population" id="{b5fb23aa-7089-ef11-8a6a-6045bd6ae315}" />
      </MissingDependency>
      <MissingDependency>
        <Required type="1" schemaName="cr08e_login" displayName="Login" solution="Active" />
        <Dependent type="29" displayName="Instructor Populate" id="{f058394c-7389-ef11-8a6a-6045bd6ae315}" />
      </MissingDependency>
      <MissingDependency>
        <Required type="1" schemaName="cr08e_login" displayName="Login" solution="Active" />
        <Dependent type="300" schemaName="cr08e_roombooking_ef7b1" displayName="Room Booking" />
      </MissingDependency>
      <MissingDependency>
        <Required type="1" schemaName="cr08e_login" displayName="Login" solution="Active" />
        <Dependent type="60" displayName="Information" parentDisplayName="Login" id="{6a4f53e0-34f2-49dd-9f7c-d9693fafb2d2}" />
      </MissingDependency>
      <MissingDependency>
        <Required type="1" schemaName="cr08e_login" displayName="Login" solution="Active" />
        <Dependent type="60" displayName="Information" parentDisplayName="Login" id="{86a904f0-19b8-4bc8-b45b-f629d35baedf}" />
      </MissingDependency>
      <MissingDependency>
        <Required type="1" schemaName="cr08e_login" displayName="Login" solution="Active" />
        <Dependent type="60" displayName="Information" parentDisplayName="Login" id="{96c57285-2f4d-45e3-9c69-6f8eb941c1b1}" />
      </MissingDependency>
      <MissingDependency>
        <Required type="1" schemaName="cr08e_login" displayName="Login" solution="Active" />
        <Dependent type="62" schemaName="cr08e_AdminDashboard" />
      </MissingDependency>
      <MissingDependency>
        <Required type="1" schemaName="cr08e_login" displayName="Login" solution="Active" />
        <Dependent type="68" id="{1e26ea6c-2a83-4a36-b217-70f45e87c8db}" />
      </MissingDependency>
      <MissingDependency>
        <Required type="1" schemaName="cr08e_login" displayName="Login" solution="Active" />
        <Dependent type="80" schemaName="cr08e_AdminDashboard" displayName="Admin Dashboard" />
      </MissingDependency>
      <MissingDependency>
        <Required type="1" schemaName="cr08e_requesting" displayName="Requesting" solution="Active" />
        <Dependent type="1" schemaName="cr08e_requesting" displayName="Requesting" />
      </MissingDependency>
      <MissingDependency>
        <Required type="1" schemaName="cr08e_requesting" displayName="Requesting" solution="Active" />
        <Dependent type="14" schemaName="cr08e_primarykey" displayName="Primary Key" parentSchemaName="cr08e_requesting" />
      </MissingDependency>
      <MissingDependency>
        <Required type="1" schemaName="cr08e_requesting" displayName="Requesting" solution="Active" />
        <Dependent type="2" schemaName="cr08e_bookedroom" displayName="Booked Room" parentSchemaName="cr08e_requesting" parentDisplayName="Requesting" />
      </MissingDependency>
      <MissingDependency>
        <Required type="1" schemaName="cr08e_requesting" displayName="Requesting" solution="Active" />
        <Dependent type="2" schemaName="cr08e_id" displayName="ID" parentSchemaName="cr08e_requesting" parentDisplayName="Requesting" />
      </MissingDependency>
      <MissingDependency>
        <Required type="1" schemaName="cr08e_requesting" displayName="Requesting" solution="Active" />
        <Dependent type="2" schemaName="cr08e_instructor" displayName="Instructor" parentSchemaName="cr08e_requesting" parentDisplayName="Requesting" />
      </MissingDependency>
      <MissingDependency>
        <Required type="1" schemaName="cr08e_requesting" displayName="Requesting" solution="Active" />
        <Dependent type="2" schemaName="cr08e_purpose" displayName="Purpose" parentSchemaName="cr08e_requesting" parentDisplayName="Requesting" />
      </MissingDependency>
      <MissingDependency>
        <Required type="1" schemaName="cr08e_requesting" displayName="Requesting" solution="Active" />
        <Dependent type="2" schemaName="cr08e_requestingid" displayName="Requesting" parentSchemaName="cr08e_requesting" parentDisplayName="Requesting" />
      </MissingDependency>
      <MissingDependency>
        <Required type="1" schemaName="cr08e_requesting" displayName="Requesting" solution="Active" />
        <Dependent type="2" schemaName="cr08e_room" displayName="Room for booking" parentSchemaName="cr08e_requesting" parentDisplayName="Requesting" />
      </MissingDependency>
      <MissingDependency>
        <Required type="1" schemaName="cr08e_requesting" displayName="Requesting" solution="Active" />
        <Dependent type="2" schemaName="cr08e_student" displayName="Student" parentSchemaName="cr08e_requesting" parentDisplayName="Requesting" />
      </MissingDependency>
      <MissingDependency>
        <Required type="1" schemaName="cr08e_requesting" displayName="Requesting" solution="Active" />
        <Dependent type="2" schemaName="createdby" displayName="Created By" parentSchemaName="cr08e_requesting" parentDisplayName="Requesting" />
      </MissingDependency>
      <MissingDependency>
        <Required type="1" schemaName="cr08e_requesting" displayName="Requesting" solution="Active" />
        <Dependent type="2" schemaName="createdon" displayName="Created On" parentSchemaName="cr08e_requesting" parentDisplayName="Requesting" />
      </MissingDependency>
      <MissingDependency>
        <Required type="1" schemaName="cr08e_requesting" displayName="Requesting" solution="Active" />
        <Dependent type="2" schemaName="createdonbehalfby" displayName="Created By (Delegate)" parentSchemaName="cr08e_requesting" parentDisplayName="Requesting" />
      </MissingDependency>
      <MissingDependency>
        <Required type="1" schemaName="cr08e_requesting" displayName="Requesting" solution="Active" />
        <Dependent type="2" schemaName="importsequencenumber" displayName="Import Sequence Number" parentSchemaName="cr08e_requesting" parentDisplayName="Requesting" />
      </MissingDependency>
      <MissingDependency>
        <Required type="1" schemaName="cr08e_requesting" displayName="Requesting" solution="Active" />
        <Dependent type="2" schemaName="modifiedby" displayName="Modified By" parentSchemaName="cr08e_requesting" parentDisplayName="Requesting" />
      </MissingDependency>
      <MissingDependency>
        <Required type="1" schemaName="cr08e_requesting" displayName="Requesting" solution="Active" />
        <Dependent type="2" schemaName="modifiedon" displayName="Modified On" parentSchemaName="cr08e_requesting" parentDisplayName="Requesting" />
      </MissingDependency>
      <MissingDependency>
        <Required type="1" schemaName="cr08e_requesting" displayName="Requesting" solution="Active" />
        <Dependent type="2" schemaName="modifiedonbehalfby" displayName="Modified By (Delegate)" parentSchemaName="cr08e_requesting" parentDisplayName="Requesting" />
      </MissingDependency>
      <MissingDependency>
        <Required type="1" schemaName="cr08e_requesting" displayName="Requesting" solution="Active" />
        <Dependent type="2" schemaName="overriddencreatedon" displayName="Record Created On" parentSchemaName="cr08e_requesting" parentDisplayName="Requesting" />
      </MissingDependency>
      <MissingDependency>
        <Required type="1" schemaName="cr08e_requesting" displayName="Requesting" solution="Active" />
        <Dependent type="2" schemaName="ownerid" displayName="Owner" parentSchemaName="cr08e_requesting" parentDisplayName="Requesting" />
      </MissingDependency>
      <MissingDependency>
        <Required type="1" schemaName="cr08e_requesting" displayName="Requesting" solution="Active" />
        <Dependent type="2" schemaName="owningbusinessunit" displayName="Owning Business Unit" parentSchemaName="cr08e_requesting" parentDisplayName="Requesting" />
      </MissingDependency>
      <MissingDependency>
        <Required type="1" schemaName="cr08e_requesting" displayName="Requesting" solution="Active" />
        <Dependent type="2" schemaName="owningteam" displayName="Owning Team" parentSchemaName="cr08e_requesting" parentDisplayName="Requesting" />
      </MissingDependency>
      <MissingDependency>
        <Required type="1" schemaName="cr08e_requesting" displayName="Requesting" solution="Active" />
        <Dependent type="2" schemaName="owninguser" displayName="Owning User" parentSchemaName="cr08e_requesting" parentDisplayName="Requesting" />
      </MissingDependency>
      <MissingDependency>
        <Required type="1" schemaName="cr08e_requesting" displayName="Requesting" solution="Active" />
        <Dependent type="2" schemaName="statecode" displayName="Status" parentSchemaName="cr08e_requesting" parentDisplayName="Requesting" />
      </MissingDependency>
      <MissingDependency>
        <Required type="1" schemaName="cr08e_requesting" displayName="Requesting" solution="Active" />
        <Dependent type="2" schemaName="statuscode" displayName="Status Reason" parentSchemaName="cr08e_requesting" parentDisplayName="Requesting" />
      </MissingDependency>
      <MissingDependency>
        <Required type="1" schemaName="cr08e_requesting" displayName="Requesting" solution="Active" />
        <Dependent type="2" schemaName="timezoneruleversionnumber" displayName="Time Zone Rule Version Number" parentSchemaName="cr08e_requesting" parentDisplayName="Requesting" />
      </MissingDependency>
      <MissingDependency>
        <Required type="1" schemaName="cr08e_requesting" displayName="Requesting" solution="Active" />
        <Dependent type="2" schemaName="utcconversiontimezonecode" displayName="UTC Conversion Time Zone Code" parentSchemaName="cr08e_requesting" parentDisplayName="Requesting" />
      </MissingDependency>
      <MissingDependency>
        <Required type="1" schemaName="cr08e_requesting" displayName="Requesting" solution="Active" />
        <Dependent type="2" schemaName="versionnumber" displayName="Version Number" parentSchemaName="cr08e_requesting" parentDisplayName="Requesting" />
      </MissingDependency>
      <MissingDependency>
        <Required type="1" schemaName="cr08e_requesting" displayName="Requesting" solution="Active" />
        <Dependent type="26" schemaName="Requesting Advanced Find View" displayName="Requesting Advanced Find View" parentSchemaName="cr08e_requesting" parentDisplayName="Requesting" id="{3646778f-896b-4e1d-89a6-1729afed1ff8}" />
      </MissingDependency>
      <MissingDependency>
        <Required type="1" schemaName="cr08e_requesting" displayName="Requesting" solution="Active" />
        <Dependent type="26" schemaName="Quick Find Active Requestings" displayName="Quick Find Active Requestings" parentSchemaName="cr08e_requesting" parentDisplayName="Requesting" id="{7b6d7ec9-cdb3-4d01-82bc-6f58e04940b0}" />
      </MissingDependency>
      <MissingDependency>
        <Required type="1" schemaName="cr08e_requesting" displayName="Requesting" solution="Active" />
        <Dependent type="26" schemaName="My Requestings" displayName="My Requestings" parentSchemaName="cr08e_requesting" parentDisplayName="Requesting" id="{8a38df36-c888-ef11-8a6a-6045bd6956ed}" />
      </MissingDependency>
      <MissingDependency>
        <Required type="1" schemaName="cr08e_requesting" displayName="Requesting" solution="Active" />
        <Dependent type="26" schemaName="Active Requestings" displayName="Active Requestings" parentSchemaName="cr08e_requesting" parentDisplayName="Requesting" id="{9b7fd2ab-2201-42e5-8384-35e108d811f6}" />
      </MissingDependency>
      <MissingDependency>
        <Required type="1" schemaName="cr08e_requesting" displayName="Requesting" solution="Active" />
        <Dependent type="26" schemaName="Requesting Lookup View" displayName="Requesting Lookup View" parentSchemaName="cr08e_requesting" parentDisplayName="Requesting" id="{b059357d-d916-4457-a91e-9c551546727f}" />
      </MissingDependency>
      <MissingDependency>
        <Required type="1" schemaName="cr08e_requesting" displayName="Requesting" solution="Active" />
        <Dependent type="26" schemaName="Requesting Associated View" displayName="Requesting Associated View" parentSchemaName="cr08e_requesting" parentDisplayName="Requesting" id="{b4eeb1f6-0434-410f-9bea-1b39e7981683}" />
      </MissingDependency>
      <MissingDependency>
        <Required type="1" schemaName="cr08e_requesting" displayName="Requesting" solution="Active" />
        <Dependent type="26" schemaName="Inactive Requestings" displayName="Inactive Requestings" parentSchemaName="cr08e_requesting" parentDisplayName="Requesting" id="{ec9232bb-5f95-461b-9da3-482f9778dd98}" />
      </MissingDependency>
      <MissingDependency>
        <Required type="1" schemaName="cr08e_requesting" displayName="Requesting" solution="Active" />
        <Dependent type="29" displayName="New business rule" id="{039e3aa7-7b89-ef11-8a6a-6045bd6ae315}" />
      </MissingDependency>
      <MissingDependency>
        <Required type="1" schemaName="cr08e_requesting" displayName="Requesting" solution="Active" />
        <Dependent type="29" displayName="New business rule" id="{a7731bd0-7a89-ef11-8a6a-6045bd6ae315}" />
      </MissingDependency>
      <MissingDependency>
        <Required type="1" schemaName="cr08e_requesting" displayName="Requesting" solution="Active" />
        <Dependent type="29" displayName="Checking Duplications" id="{c784013a-7889-ef11-8a6a-6045bd6ae315}" />
      </MissingDependency>
      <MissingDependency>
        <Required type="1" schemaName="cr08e_requesting" displayName="Requesting" solution="Active" />
        <Dependent type="300" schemaName="cr08e_roombooking_ef7b1" displayName="Room Booking" />
      </MissingDependency>
      <MissingDependency>
        <Required type="1" schemaName="cr08e_requesting" displayName="Requesting" solution="Active" />
        <Dependent type="60" displayName="Information" parentDisplayName="Requesting" id="{377ef63f-9a45-4de5-a9b6-4d337e478ee8}" />
      </MissingDependency>
      <MissingDependency>
        <Required type="1" schemaName="cr08e_requesting" displayName="Requesting" solution="Active" />
        <Dependent type="60" displayName="Information" parentDisplayName="Requesting" id="{69b36a86-7dbf-4438-8cc5-6335bafb7f8b}" />
      </MissingDependency>
      <MissingDependency>
        <Required type="1" schemaName="cr08e_requesting" displayName="Requesting" solution="Active" />
        <Dependent type="60" displayName="Information" parentDisplayName="Requesting" id="{d9b42b4b-ce4f-4c00-bf2a-6535acf6fded}" />
      </MissingDependency>
      <MissingDependency>
        <Required type="1" schemaName="cr08e_requesting" displayName="Requesting" solution="Active" />
        <Dependent type="62" schemaName="cr08e_AdminDashboard" />
      </MissingDependency>
      <MissingDependency>
        <Required type="1" schemaName="cr08e_requesting" displayName="Requesting" solution="Active" />
        <Dependent type="68" id="{068011ee-29ce-4363-ba2e-2f08f80ae5a0}" />
      </MissingDependency>
      <MissingDependency>
        <Required type="1" schemaName="cr08e_requesting" displayName="Requesting" solution="Active" />
        <Dependent type="80" schemaName="cr08e_AdminDashboard" displayName="Admin Dashboard" />
      </MissingDependency>
      <MissingDependency>
        <Required type="1" schemaName="new_person" displayName="Person" solution="Active" />
        <Dependent type="62" schemaName="cr08e_AdminDashboard" />
      </MissingDependency>
      <MissingDependency>
        <Required type="1" schemaName="new_person" displayName="Person" solution="Active" />
        <Dependent type="80" schemaName="cr08e_AdminDashboard" displayName="Admin Dashboard" />
      </MissingDependency>
      <MissingDependency>
        <Required type="2" schemaName="cr08e_cpr" displayName="CPR" parentSchemaName="cr08e_instructor" parentDisplayName="Instructor" solution="Active" />
        <Dependent type="10" schemaName="cr08e_Instructor_cr08e_Instructor_cr08e_Student" displayName="cr08e_Instructor_cr08e_Instructor_cr08e_Student" parentSchemaName="cr08e_instructor" parentDisplayName="Instructor" />
      </MissingDependency>
      <MissingDependency>
        <Required type="2" schemaName="cr08e_cpr" displayName="CPR" parentSchemaName="cr08e_instructor" parentDisplayName="Instructor" solution="Active" />
        <Dependent type="10" schemaName="cr08e_requesting_Instructor_cr08e_instructor" displayName="cr08e_requesting_Instructor_cr08e_instructor" parentSchemaName="cr08e_instructor" parentDisplayName="Instructor" />
      </MissingDependency>
      <MissingDependency>
        <Required type="2" schemaName="cr08e_cpr" displayName="CPR" parentSchemaName="cr08e_instructor" parentDisplayName="Instructor" solution="Active" />
        <Dependent type="10" schemaName="cr08e_Table1_cr08e_Instructor_cr08e_Instructor" displayName="cr08e_Table1_cr08e_Instructor_cr08e_Instructor" parentSchemaName="cr08e_instructor" parentDisplayName="Instructor" />
      </MissingDependency>
      <MissingDependency>
        <Required type="2" schemaName="cr08e_cpr" displayName="CPR" parentSchemaName="cr08e_instructor" parentDisplayName="Instructor" solution="Active" />
        <Dependent type="14" schemaName="cr08e_primarykey" displayName="Primary Key" parentSchemaName="cr08e_instructor" />
      </MissingDependency>
      <MissingDependency>
        <Required type="2" schemaName="cr08e_cpr" displayName="CPR" parentSchemaName="cr08e_instructor" parentDisplayName="Instructor" solution="Active" />
        <Dependent type="26" schemaName="Quick Find Active Instructors" displayName="Quick Find Active Instructors" parentSchemaName="cr08e_instructor" parentDisplayName="Instructor" id="{16b84555-0f76-4bb4-a3f5-1174bfcfaaec}" />
      </MissingDependency>
      <MissingDependency>
        <Required type="2" schemaName="cr08e_cpr" displayName="CPR" parentSchemaName="cr08e_instructor" parentDisplayName="Instructor" solution="Active" />
        <Dependent type="26" schemaName="Inactive Instructors" displayName="Inactive Instructors" parentSchemaName="cr08e_instructor" parentDisplayName="Instructor" id="{8b5ea88a-faaa-4858-b044-178c2def5421}" />
      </MissingDependency>
      <MissingDependency>
        <Required type="2" schemaName="cr08e_cpr" displayName="CPR" parentSchemaName="cr08e_instructor" parentDisplayName="Instructor" solution="Active" />
        <Dependent type="26" schemaName="Instructor Lookup View" displayName="Instructor Lookup View" parentSchemaName="cr08e_instructor" parentDisplayName="Instructor" id="{b197a509-34f7-4ca4-84dd-db4c8bf6c757}" />
      </MissingDependency>
      <MissingDependency>
        <Required type="2" schemaName="cr08e_cpr" displayName="CPR" parentSchemaName="cr08e_instructor" parentDisplayName="Instructor" solution="Active" />
        <Dependent type="26" schemaName="Active Instructors" displayName="Active Instructors" parentSchemaName="cr08e_instructor" parentDisplayName="Instructor" id="{d5c292b9-fe3d-4312-a7f1-5af3c3c1e500}" />
      </MissingDependency>
      <MissingDependency>
        <Required type="2" schemaName="cr08e_cpr" displayName="CPR" parentSchemaName="cr08e_instructor" parentDisplayName="Instructor" solution="Active" />
        <Dependent type="26" schemaName="Instructor Advanced Find View" displayName="Instructor Advanced Find View" parentSchemaName="cr08e_instructor" parentDisplayName="Instructor" id="{f3fa1b25-d3a8-40d3-b165-89d1a4868edb}" />
      </MissingDependency>
      <MissingDependency>
        <Required type="2" schemaName="cr08e_cpr" displayName="CPR" parentSchemaName="cr08e_instructor" parentDisplayName="Instructor" solution="Active" />
        <Dependent type="26" schemaName="Instructor Associated View" displayName="Instructor Associated View" parentSchemaName="cr08e_instructor" parentDisplayName="Instructor" id="{fe6e41a1-d702-4d13-97f0-bb76fed26256}" />
      </MissingDependency>
      <MissingDependency>
        <Required type="2" schemaName="cr08e_cpr" displayName="CPR" parentSchemaName="cr08e_instructor" parentDisplayName="Instructor" solution="Active" />
        <Dependent type="60" displayName="Information" parentDisplayName="Instructor" id="{2a9bfd71-424d-4cc8-bbc2-995261e24544}" />
      </MissingDependency>
      <MissingDependency>
        <Required type="2" schemaName="cr08e_cpr" displayName="CPR" parentSchemaName="cr08e_instructor" parentDisplayName="Instructor" solution="Active" />
        <Dependent type="60" displayName="Information" parentDisplayName="Instructor" id="{8d015b98-6d41-4e2f-b151-18aa935b3fc6}" />
      </MissingDependency>
      <MissingDependency>
        <Required type="2" schemaName="cr08e_cpr" displayName="CPR" parentSchemaName="cr08e_instructor" parentDisplayName="Instructor" solution="Active" />
        <Dependent type="60" displayName="Information" parentDisplayName="Instructor" id="{efd3b662-ed92-4a0b-8d8e-5bcd56326bc7}" />
      </MissingDependency>
      <MissingDependency>
        <Required type="2" schemaName="cr08e_cpr" displayName="CPR" parentSchemaName="cr08e_student" parentDisplayName="Student" solution="Active" />
        <Dependent type="10" schemaName="cr08e_requesting_Student_cr08e_student" displayName="cr08e_requesting_Student_cr08e_student" parentSchemaName="cr08e_student" parentDisplayName="Student" />
      </MissingDependency>
      <MissingDependency>
        <Required type="2" schemaName="cr08e_cpr" displayName="CPR" parentSchemaName="cr08e_student" parentDisplayName="Student" solution="Active" />
        <Dependent type="14" schemaName="cr08e_primarykey" displayName="Primary Key" parentSchemaName="cr08e_student" />
      </MissingDependency>
      <MissingDependency>
        <Required type="2" schemaName="cr08e_cpr" displayName="CPR" parentSchemaName="cr08e_student" parentDisplayName="Student" solution="Active" />
        <Dependent type="26" schemaName="Active Students" displayName="Active Students" parentSchemaName="cr08e_student" parentDisplayName="Student" id="{2f8f1685-1bd3-4506-8f9f-8965d1e116f4}" />
      </MissingDependency>
      <MissingDependency>
        <Required type="2" schemaName="cr08e_cpr" displayName="CPR" parentSchemaName="cr08e_student" parentDisplayName="Student" solution="Active" />
        <Dependent type="26" schemaName="Inactive Students" displayName="Inactive Students" parentSchemaName="cr08e_student" parentDisplayName="Student" id="{536092fe-5d8a-ef11-ac21-6045bd6ae315}" />
      </MissingDependency>
      <MissingDependency>
        <Required type="2" schemaName="cr08e_cpr" displayName="CPR" parentSchemaName="cr08e_student" parentDisplayName="Student" solution="Active" />
        <Dependent type="26" schemaName="Student Advanced Find View" displayName="Student Advanced Find View" parentSchemaName="cr08e_student" parentDisplayName="Student" id="{6f8e1d72-3b4e-4b52-81e1-b79eb2d2ebb0}" />
      </MissingDependency>
      <MissingDependency>
        <Required type="2" schemaName="cr08e_cpr" displayName="CPR" parentSchemaName="cr08e_student" parentDisplayName="Student" solution="Active" />
        <Dependent type="26" schemaName="Inactive Students" displayName="Inactive Students" parentSchemaName="cr08e_student" parentDisplayName="Student" id="{9d27594c-a5b8-4477-bf41-5948ef80ee06}" />
      </MissingDependency>
      <MissingDependency>
        <Required type="2" schemaName="cr08e_cpr" displayName="CPR" parentSchemaName="cr08e_student" parentDisplayName="Student" solution="Active" />
        <Dependent type="26" schemaName="Quick Find Active Students" displayName="Quick Find Active Students" parentSchemaName="cr08e_student" parentDisplayName="Student" id="{c248cee2-cdc5-41c0-a4f5-8ee736840ecc}" />
      </MissingDependency>
      <MissingDependency>
        <Required type="2" schemaName="cr08e_cpr" displayName="CPR" parentSchemaName="cr08e_student" parentDisplayName="Student" solution="Active" />
        <Dependent type="26" schemaName="Student Associated View" displayName="Student Associated View" parentSchemaName="cr08e_student" parentDisplayName="Student" id="{c8a2b53d-4bf1-49d7-9eae-d779800a8579}" />
      </MissingDependency>
      <MissingDependency>
        <Required type="2" schemaName="cr08e_cpr" displayName="CPR" parentSchemaName="cr08e_student" parentDisplayName="Student" solution="Active" />
        <Dependent type="26" schemaName="Student Lookup View" displayName="Student Lookup View" parentSchemaName="cr08e_student" parentDisplayName="Student" id="{fd408798-edeb-4965-8170-5c1e172518c0}" />
      </MissingDependency>
      <MissingDependency>
        <Required type="2" schemaName="cr08e_cpr" displayName="CPR" parentSchemaName="cr08e_student" parentDisplayName="Student" solution="Active" />
        <Dependent type="60" displayName="Information" parentDisplayName="Student" id="{4552c3d6-0202-421a-a850-5817ced013e4}" />
      </MissingDependency>
      <MissingDependency>
        <Required type="2" schemaName="cr08e_cpr" displayName="CPR" parentSchemaName="cr08e_student" parentDisplayName="Student" solution="Active" />
        <Dependent type="60" displayName="Information" parentDisplayName="Student" id="{a362e98b-4f2c-4e47-81d2-7907ea3ed59e}" />
      </MissingDependency>
      <MissingDependency>
        <Required type="2" schemaName="cr08e_cpr" displayName="CPR" parentSchemaName="cr08e_student" parentDisplayName="Student" solution="Active" />
        <Dependent type="60" displayName="Information" parentDisplayName="Student" id="{f87ccd64-f103-410a-b617-a3d78bdb6dfa}" />
      </MissingDependency>
      <MissingDependency>
        <Required type="2" schemaName="cr08e_code" displayName="Code" parentSchemaName="cr08e_table1" parentDisplayName="Course" solution="Active" />
        <Dependent type="10" schemaName="cr08e_booking_Course_cr08e_table1" displayName="cr08e_booking_Course_cr08e_table1" parentSchemaName="cr08e_table1" parentDisplayName="Course" />
      </MissingDependency>
      <MissingDependency>
        <Required type="2" schemaName="cr08e_code" displayName="Code" parentSchemaName="cr08e_table1" parentDisplayName="Course" solution="Active" />
        <Dependent type="14" schemaName="cr08e_primarykey" displayName="Primary Key" parentSchemaName="cr08e_table1" />
      </MissingDependency>
      <MissingDependency>
        <Required type="2" schemaName="cr08e_code" displayName="Code" parentSchemaName="cr08e_table1" parentDisplayName="Course" solution="Active" />
        <Dependent type="26" schemaName="Table1 Lookup View" displayName="Table1 Lookup View" parentSchemaName="cr08e_table1" parentDisplayName="Course" id="{3c722b1e-ba71-4dc7-a744-26522f189f1e}" />
      </MissingDependency>
      <MissingDependency>
        <Required type="2" schemaName="cr08e_code" displayName="Code" parentSchemaName="cr08e_table1" parentDisplayName="Course" solution="Active" />
        <Dependent type="26" schemaName="Active Table1S" displayName="Active Table1S" parentSchemaName="cr08e_table1" parentDisplayName="Course" id="{40189e8b-148a-4188-b71f-8cf1d7d8f5de}" />
      </MissingDependency>
      <MissingDependency>
        <Required type="2" schemaName="cr08e_code" displayName="Code" parentSchemaName="cr08e_table1" parentDisplayName="Course" solution="Active" />
        <Dependent type="26" schemaName="Table1 Advanced Find View" displayName="Table1 Advanced Find View" parentSchemaName="cr08e_table1" parentDisplayName="Course" id="{4c84bf9f-157e-4c8a-87eb-c04ef1113378}" />
      </MissingDependency>
      <MissingDependency>
        <Required type="2" schemaName="cr08e_code" displayName="Code" parentSchemaName="cr08e_table1" parentDisplayName="Course" solution="Active" />
        <Dependent type="26" schemaName="Inactive Table1S" displayName="Inactive Table1S" parentSchemaName="cr08e_table1" parentDisplayName="Course" id="{6d925408-c06b-4195-b5b1-3c4ba7216cbf}" />
      </MissingDependency>
      <MissingDependency>
        <Required type="2" schemaName="cr08e_code" displayName="Code" parentSchemaName="cr08e_table1" parentDisplayName="Course" solution="Active" />
        <Dependent type="26" schemaName="Quick Find Active Table1S" displayName="Quick Find Active Table1S" parentSchemaName="cr08e_table1" parentDisplayName="Course" id="{a1a0b036-6930-4e3e-8e65-95ef67ba66ef}" />
      </MissingDependency>
      <MissingDependency>
        <Required type="2" schemaName="cr08e_code" displayName="Code" parentSchemaName="cr08e_table1" parentDisplayName="Course" solution="Active" />
        <Dependent type="26" schemaName="Table1 Associated View" displayName="Table1 Associated View" parentSchemaName="cr08e_table1" parentDisplayName="Course" id="{a7422e1e-c8f5-4441-9616-00baa66d4705}" />
      </MissingDependency>
      <MissingDependency>
        <Required type="2" schemaName="cr08e_code" displayName="Code" parentSchemaName="cr08e_table1" parentDisplayName="Course" solution="Active" />
        <Dependent type="60" displayName="Information" parentDisplayName="Course" id="{4fa23201-d776-41b4-aa8f-76e0849b1f0f}" />
      </MissingDependency>
      <MissingDependency>
        <Required type="2" schemaName="cr08e_code" displayName="Code" parentSchemaName="cr08e_table1" parentDisplayName="Course" solution="Active" />
        <Dependent type="60" displayName="Information" parentDisplayName="Course" id="{9a630819-9eee-48da-a015-d9b55f71df98}" />
      </MissingDependency>
      <MissingDependency>
        <Required type="2" schemaName="cr08e_code" displayName="Code" parentSchemaName="cr08e_table1" parentDisplayName="Course" solution="Active" />
        <Dependent type="60" displayName="Information" parentDisplayName="Course" id="{b3b8b363-7f2d-42fc-9a92-5004d2cb1344}" />
      </MissingDependency>
      <MissingDependency>
        <Required type="61" schemaName="msdyn_/Images/AppModule_Default_Icon.png" displayName="msdyn_/Images/AppModule_Default_Icon.png" solution="AppModuleWebResources (2.5)" />
        <Dependent type="80" schemaName="cr08e_AdminDashboard" displayName="Admin Dashboard" />
      </MissingDependency>
      <MissingDependency>
        <Required type="connectionreference" displayName="new_sharedcommondataserviceforapps_65268" solution="Active" id.connectionreferencelogicalname="new_sharedcommondataserviceforapps_65268" />
        <Dependent type="29" displayName="Updating Room" id="{660a0ace-c18a-ef11-ac21-6045bd6ae315}" />
      </MissingDependency>
      <MissingDependency>
        <Required type="connectionreference" displayName="new_sharedcommondataserviceforapps_65268" solution="Active" id.connectionreferencelogicalname="new_sharedcommondataserviceforapps_65268" />
        <Dependent type="29" displayName="Student Population" id="{b5fb23aa-7089-ef11-8a6a-6045bd6ae315}" />
      </MissingDependency>
      <MissingDependency>
        <Required type="connectionreference" displayName="new_sharedcommondataserviceforapps_65268" solution="Active" id.connectionreferencelogicalname="new_sharedcommondataserviceforapps_65268" />
        <Dependent type="29" displayName="Checking Duplications" id="{c784013a-7889-ef11-8a6a-6045bd6ae315}" />
      </MissingDependency>
      <MissingDependency>
        <Required type="connectionreference" displayName="new_sharedcommondataserviceforapps_65268" solution="Active" id.connectionreferencelogicalname="new_sharedcommondataserviceforapps_65268" />
        <Dependent type="29" displayName="Instructor Populate" id="{f058394c-7389-ef11-8a6a-6045bd6ae315}" />
      </MissingDependency>
      <MissingDependency>
        <Required type="connectionreference" displayName="new_sharedflowpush_e78c4" solution="Active" id.connectionreferencelogicalname="new_sharedflowpush_e78c4" />
        <Dependent type="29" displayName="Updating Room" id="{660a0ace-c18a-ef11-ac21-6045bd6ae315}" />
      </MissingDependency>
      <MissingDependency>
        <Required type="connectionreference" displayName="new_sharedflowpush_e78c4" solution="Active" id.connectionreferencelogicalname="new_sharedflowpush_e78c4" />
        <Dependent type="29" displayName="Checking Duplications" id="{c784013a-7889-ef11-8a6a-6045bd6ae315}" />
      </MissingDependency>
      <MissingDependency>
        <Required type="SettingDefinition" displayName="AppChannel" solution="msdyn_AppFrameworkInfraExtensions (1.0.0.12)" id.uniquename="AppChannel" />
        <Dependent type="AppSetting" displayName="parentappmoduleid.uniquename=cr08e_AdminDashboard,settingdefinitionid.uniquename=AppChannel" id.parentappmoduleid.uniquename="cr08e_AdminDashboard" id.settingdefinitionid.uniquename="AppChannel" />
      </MissingDependency>
    </MissingDependencies>
  </SolutionManifest>
</ImportExportXml>