{
  "properties": {
    "connectionReferences": {
      "shared_flowpush": {
        "runtimeSource": "embedded",
        "connection": {
          "connectionReferenceLogicalName": "new_sharedflowpush_e78c4"
        },
        "api": {
          "name": "shared_flowpush"
        }
      },
      "shared_commondataserviceforapps": {
        "runtimeSource": "embedded",
        "connection": {
          "connectionReferenceLogicalName": "new_sharedcommondataserviceforapps_65268"
        },
        "api": {
          "name": "shared_commondataserviceforapps"
        }
      }
    },
    "definition": {
      "$schema": "https://schema.management.azure.com/providers/Microsoft.Logic/schemas/2016-06-01/workflowdefinition.json#",
      "contentVersion": "1.0.0.0",
      "parameters": {
        "$connections": {
          "defaultValue": {},
          "type": "Object"
        },
        "$authentication": {
          "defaultValue": {},
          "type": "SecureObject"
        }
      },
      "triggers": {
        "When_a_row_is_added,_modified_or_deleted": {
          "metadata": {
            "operationMetadataId": "f4647d7c-19ee-4aeb-b091-d0b10b6748a6"
          },
          "type": "OpenApiConnectionWebhook",
          "inputs": {
            "host": {
              "connectionName": "shared_commondataserviceforapps",
              "operationId": "SubscribeWebhookTrigger",
              "apiId": "/providers/Microsoft.PowerApps/apis/shared_commondataserviceforapps"
            },
            "parameters": {
              "subscriptionRequest/message": 1,
              "subscriptionRequest/entityname": "cr08e_requesting",
              "subscriptionRequest/scope": 1
            },
            "authentication": "@parameters('$authentication')"
          }
        }
      },
      "actions": {
        "Condition": {
          "actions": {
            "Send_me_an_email_notification": {
              "runAfter": {},
              "metadata": {
                "operationMetadataId": "62c34ca5-dac9-4406-9952-be27337ea7ba"
              },
              "type": "OpenApiConnection",
              "inputs": {
                "host": {
                  "connectionName": "shared_flowpush",
                  "operationId": "SendEmailNotification",
                  "apiId": "/providers/Microsoft.PowerApps/apis/shared_flowpush"
                },
                "parameters": {
                  "NotificationEmailDefinition/notificationSubject": "Student and Instructor column empty value",
                  "NotificationEmailDefinition/notificationBody": "Dear User, \nBoth Student and Instructor column in Requesting table is empty. \nTherefore, I suggest you to include a value in one of these columns only. \n\nYours Sincerely,\nBooking System Management"
                },
                "authentication": "@parameters('$authentication')"
              }
            },
            "Send_me_a_mobile_notification": {
              "runAfter": {
                "Send_me_an_email_notification": [
                  "Succeeded"
                ]
              },
              "metadata": {
                "operationMetadataId": "5571d87e-2ffe-4c4b-9f30-aa5bce693cb5"
              },
              "type": "OpenApiConnection",
              "inputs": {
                "host": {
                  "connectionName": "shared_flowpush",
                  "operationId": "SendNotification",
                  "apiId": "/providers/Microsoft.PowerApps/apis/shared_flowpush"
                },
                "parameters": {
                  "NotificationDefinition/notificationText": "Both Student and Instructor column in Requesting table is empty.  \nTherefore, I suggest you to include a value in one of these columns only.",
                  "NotificationDefinition/notificationLink/label": "Missing data in Requesting table"
                },
                "authentication": "@parameters('$authentication')"
              }
            }
          },
          "runAfter": {},
          "else": {
            "actions": {
              "Condition_2": {
                "actions": {
                  "Send_me_an_email_notification_2": {
                    "runAfter": {},
                    "metadata": {
                      "operationMetadataId": "71373488-5dbc-43aa-acb2-1ed765d548c7"
                    },
                    "type": "OpenApiConnection",
                    "inputs": {
                      "host": {
                        "connectionName": "shared_flowpush",
                        "operationId": "SendEmailNotification",
                        "apiId": "/providers/Microsoft.PowerApps/apis/shared_flowpush"
                      },
                      "parameters": {
                        "NotificationEmailDefinition/notificationSubject": "Student and Instructor column contains data",
                        "NotificationEmailDefinition/notificationBody": "Dear User,\nBoth Student and Instructor column in Requesting table contains data. \nOnly one of those columns should contain data.\nTherefore, I suggest you to remove value for one of these columns. \n\nYours Sincerely, \nBooking System Management"
                      },
                      "authentication": "@parameters('$authentication')"
                    }
                  },
                  "Send_me_a_mobile_notification_2": {
                    "runAfter": {
                      "Send_me_an_email_notification_2": [
                        "Succeeded"
                      ]
                    },
                    "metadata": {
                      "operationMetadataId": "488c488a-f6ce-4ee4-a132-59c23b76fd72"
                    },
                    "type": "OpenApiConnection",
                    "inputs": {
                      "host": {
                        "connectionName": "shared_flowpush",
                        "operationId": "SendNotification",
                        "apiId": "/providers/Microsoft.PowerApps/apis/shared_flowpush"
                      },
                      "parameters": {
                        "NotificationDefinition/notificationText": "Both Student and Instructor column in Requesting table contains data. \nOnly one of those columns should contain data.\nTherefore, I suggest you to remove value for one of these columns.",
                        "NotificationDefinition/notificationLink/label": "Student and Instructor column contains data"
                      },
                      "authentication": "@parameters('$authentication')"
                    }
                  }
                },
                "runAfter": {},
                "else": {
                  "actions": {
                    "Send_me_a_mobile_notification_3": {
                      "runAfter": {},
                      "metadata": {
                        "operationMetadataId": "7baf225d-580f-49f1-bdbe-fbdf3fb49950"
                      },
                      "type": "OpenApiConnection",
                      "inputs": {
                        "host": {
                          "connectionName": "shared_flowpush",
                          "operationId": "SendNotification",
                          "apiId": "/providers/Microsoft.PowerApps/apis/shared_flowpush"
                        },
                        "parameters": {
                          "NotificationDefinition/notificationText": "Your record is accepted in Requesting table"
                        },
                        "authentication": "@parameters('$authentication')"
                      }
                    }
                  }
                },
                "expression": {
                  "and": [
                    {
                      "not": {
                        "equals": [
                          "@triggerOutputs()?['body/_cr08e_instructor_value']",
                          "@null"
                        ]
                      }
                    },
                    {
                      "not": {
                        "equals": [
                          "@triggerOutputs()?['body/_cr08e_student_value']",
                          "@null"
                        ]
                      }
                    }
                  ]
                },
                "metadata": {
                  "operationMetadataId": "2bd83b94-beb1-40ce-8f23-9a9285f0d921"
                },
                "type": "If"
              }
            }
          },
          "expression": {
            "and": [
              {
                "equals": [
                  "@triggerOutputs()?['body/_cr08e_instructor_value']",
                  "@null"
                ]
              },
              {
                "equals": [
                  "@triggerOutputs()?['body/_cr08e_student_value']",
                  "@null"
                ]
              }
            ]
          },
          "metadata": {
            "operationMetadataId": "71e0e624-c99b-4ab8-b21c-00c71e77123c"
          },
          "type": "If"
        }
      }
    },
    "templateName": ""
  },
  "schemaVersion": "1.0.0.0"
}