{
  "properties": {
    "connectionReferences": {
      "shared_commondataserviceforapps": {
        "runtimeSource": "embedded",
        "connection": {
          "connectionReferenceLogicalName": "new_sharedcommondataserviceforapps_65268"
        },
        "api": {
          "name": "shared_commondataserviceforapps"
        }
      },
      "shared_flowpush": {
        "runtimeSource": "embedded",
        "connection": {
          "connectionReferenceLogicalName": "new_sharedflowpush_e78c4"
        },
        "api": {
          "name": "shared_flowpush"
        }
      }
    },
    "definition": {
      "$schema": "https://schema.management.azure.com/providers/Microsoft.Logic/schemas/2016-06-01/workflowdefinition.json#",
      "contentVersion": "1.0.0.0",
      "parameters": {
        "$connections": {
          "defaultValue": {},
          "type": "Object"
        },
        "$authentication": {
          "defaultValue": {},
          "type": "SecureObject"
        }
      },
      "triggers": {
        "When_a_row_is_added,_modified_or_deleted": {
          "metadata": {
            "operationMetadataId": "787082b1-2a17-4a85-a761-ad7da114c66a"
          },
          "type": "OpenApiConnectionWebhook",
          "inputs": {
            "host": {
              "connectionName": "shared_commondataserviceforapps",
              "operationId": "SubscribeWebhookTrigger",
              "apiId": "/providers/Microsoft.PowerApps/apis/shared_commondataserviceforapps"
            },
            "parameters": {
              "subscriptionRequest/message": 1,
              "subscriptionRequest/entityname": "cr08e_booking",
              "subscriptionRequest/scope": 4
            },
            "authentication": "@parameters('$authentication')"
          }
        }
      },
      "actions": {
        "List_rows": {
          "runAfter": {},
          "metadata": {
            "operationMetadataId": "6ad85c28-f3a5-4e67-b98a-9462ade921d8"
          },
          "type": "OpenApiConnection",
          "inputs": {
            "host": {
              "connectionName": "shared_commondataserviceforapps",
              "operationId": "ListRecords",
              "apiId": "/providers/Microsoft.PowerApps/apis/shared_commondataserviceforapps"
            },
            "parameters": {
              "entityName": "cr08e_courses"
            },
            "authentication": "@parameters('$authentication')"
          }
        },
        "Apply_to_each": {
          "foreach": "@outputs('List_rows')?['body/value']",
          "actions": {
            "Condition": {
              "actions": {
                "Send_me_an_email_notification": {
                  "runAfter": {},
                  "metadata": {
                    "operationMetadataId": "bb21dd6a-491f-4968-867b-75d3374e90ac"
                  },
                  "type": "OpenApiConnection",
                  "inputs": {
                    "host": {
                      "connectionName": "shared_flowpush",
                      "operationId": "SendEmailNotification",
                      "apiId": "/providers/Microsoft.PowerApps/apis/shared_flowpush"
                    },
                    "parameters": {
                      "NotificationEmailDefinition/notificationSubject": "Room Booked",
                      "NotificationEmailDefinition/notificationBody": "Room @{items('Apply_to_each')?['cr08e_id']} have been booked. Go update it!"
                    },
                    "authentication": "@parameters('$authentication')"
                  }
                }
              },
              "runAfter": {},
              "else": {
                "actions": {
                  "Send_me_an_email_notification_2": {
                    "runAfter": {},
                    "metadata": {
                      "operationMetadataId": "1e77314e-ad07-481e-95e7-54cd5a34905a"
                    },
                    "type": "OpenApiConnection",
                    "inputs": {
                      "host": {
                        "connectionName": "shared_flowpush",
                        "operationId": "SendEmailNotification",
                        "apiId": "/providers/Microsoft.PowerApps/apis/shared_flowpush"
                      },
                      "parameters": {
                        "NotificationEmailDefinition/notificationSubject": "Room Booked",
                        "NotificationEmailDefinition/notificationBody": "Room @{triggerOutputs()?['body/_cr08e_room_value']} have been booked. Check Admin Dashboard."
                      },
                      "authentication": "@parameters('$authentication')"
                    }
                  }
                }
              },
              "expression": {
                "or": [
                  {
                    "equals": [
                      "@outputs('List_rows')?['body/value']",
                      "@triggerOutputs()?['body/_cr08e_room_value']"
                    ]
                  },
                  {
                    "equals": [
                      "@items('Apply_to_each')?['@odata.id']",
                      "@triggerOutputs()?['body/_cr08e_room_value']"
                    ]
                  }
                ]
              },
              "metadata": {
                "operationMetadataId": "1237a69d-f01d-46d3-a5e0-1a44ea0076c8"
              },
              "type": "If"
            }
          },
          "runAfter": {
            "List_rows": [
              "Succeeded"
            ]
          },
          "metadata": {
            "operationMetadataId": "8c673e37-1098-4d4f-b975-34e69f4ae2c4"
          },
          "type": "Foreach"
        }
      }
    },
    "templateName": ""
  },
  "schemaVersion": "1.0.0.0"
}